"/home/jonathan/Downloads/autoadb-master/target/release/autoadb","/home/jonathan/Downloads/autoadb-master/target/release/deps/autoadb-2698a0465eec08ea"
"/home/jonathan/Downloads/autoadb-master/target/release/.cargo-lock","/home/jonathan/Downloads/autoadb-master/target/release/.fingerprint/byteorder-28c246758099f80d/dep-build-script-build_script_build-28c246758099f80d"
"","/home/jonathan/Downloads/autoadb-master/target/release/.fingerprint/log-19328e12cca0bedc/dep-build-script-build_script_build-19328e12cca0bedc"
"","/home/jonathan/Downloads/autoadb-master/target/release/.fingerprint/cfg-if-4538d89b6d34b017/dep-lib-cfg_if-4538d89b6d34b017"
"","/home/jonathan/Downloads/autoadb-master/target/release/build/log-1b5a668d710cdd27/stderr"
"","/home/jonathan/Downloads/autoadb-master/target/release/.fingerprint/log-38a855abbc984b9a/dep-lib-log-38a855abbc984b9a"
"","/home/jonathan/Downloads/autoadb-master/target/release/build/byteorder-3333070415220c26/stderr"
"","/home/jonathan/Downloads/autoadb-master/target/release/.fingerprint/byteorder-364cff82a5092191/dep-lib-byteorder-364cff82a5092191"
"/home/jonathan/Downloads/autoadb-master/target/release/build/log-19328e12cca0bedc/build-script-build","/home/jonathan/Downloads/autoadb-master/target/release/build/log-19328e12cca0bedc/build_script_build-19328e12cca0bedc"
"/home/jonathan/Downloads/dependency_links.txt","/home/jonathan/Downloads/top_level.txt"
"/home/jonathan/Downloads/autoadb-master/target/release/build/byteorder-28c246758099f80d/build-script-build","/home/jonathan/Downloads/autoadb-master/target/release/build/byteorder-28c246758099f80d/build_script_build-28c246758099f80d"
"/home/jonathan/Downloads/autoadb-master/target/release/.fingerprint/byteorder-28c246758099f80d/invoked.timestamp","/home/jonathan/Downloads/autoadb-master/target/release/.fingerprint/cfg-if-4538d89b6d34b017/invoked.timestamp"
"","/home/jonathan/Downloads/autoadb-master/target/release/.fingerprint/log-19328e12cca0bedc/invoked.timestamp"
"","/home/jonathan/Downloads/autoadb-master/target/release/build/log-1b5a668d710cdd27/invoked.timestamp"
"","/home/jonathan/Downloads/autoadb-master/target/release/.fingerprint/log-38a855abbc984b9a/invoked.timestamp"
"","/home/jonathan/Downloads/autoadb-master/target/release/build/byteorder-3333070415220c26/invoked.timestamp"
"","/home/jonathan/Downloads/autoadb-master/target/release/.fingerprint/byteorder-364cff82a5092191/invoked.timestamp"
"","/home/jonathan/Downloads/autoadb-master/target/release/.fingerprint/autoadb-2698a0465eec08ea/invoked.timestamp"
